SN,R 0.05,R 0.25,R 0.50,R 0.75,R 0.95,G 0.05,G 0.25,G 0.50,G 0.75,G 0.95,B 0.05,B 0.25,B 0.50,B 0.75,B 0.95,name,status
4,124,150,161,169,178,89,111,121,129,138,66,90,100,109,121,C:\Users\fa_ke\crpd_402-4-26-5 (5).tiff,1
14,114,127,136,146,157,85,94,101,109,119,66,76,85,93,102,C:\Users\fa_ke\crpd_402-4-28-16 (1).tiff,1
28,153,163,170,176,184,116,125,131,137,145,105,115,121,128,137,C:\Users\fa_ke\crpd_402-5-16-50 (6).tiff,1
35,145,168,178,186,196,111,131,140,148,160,92,111,121,130,140,C:\Users\fa_ke\crpd_402-5-18-57 (5).tiff,1
39,161,172,180,187,198,124,134,141,150,161,109,120,128,136,146,C:\Users\fa_ke\crpd_402-5-21-62 (7).tiff,1
46,155,167,174,181,190,127,136,142,148,156,106,117,123,128,137,C:\Users\fa_ke\crpd_402-5-23-69 (2).tiff,1
60,109,128,150,167,181,75,90,108,124,138,60,76,95,109,124,C:\Users\fa_ke\crpd_402-5-4-24 (1).tiff,1
66,149,163,174,184,195,116,128,139,148,157,94,108,119,128,140,C:\Users\fa_ke\crpd_402-5-4-37 (1).tiff,1
73,156,173,180,187,196,120,136,144,150,158,101,116,125,133,141,C:\Users\fa_ke\crpd_402-5-7-33 (1).tiff,1
81,156,172,180,187,197,119,133,142,150,158,93,107,116,124,133,C:\Users\fa_ke\crpd_402-6-11-107 (6).tiff,1
87,154,167,175,183,193,113,125,132,139,148,98,109,117,125,135,C:\Users\fa_ke\crpd_402-6-4-80 (3).tiff,1
106,166,178,186,194,205,124,135,142,148,156,103,115,122,129,138,C:\Users\fa_ke\crpd_402-6-8-95 (6).tiff,1
113,142,159,167,175,185,108,122,129,136,144.049999999995,86,101,109,116,127,C:\Users\fa_ke\crpd_402-7-1-115 (6).tiff,1
114,142,159,167,175,185,108,122,129,136,144.049999999995,86,101,109,116,127,C:\Users\fa_ke\crpd_402-7-1-116 (6).tiff,1
147,175,188,194,200,207,132,144,151,157,164,107,119,127,133,143,C:\Users\fa_ke\crpd_402-7-24-178 (6).tiff,1
150,140,158,167,175,188,106,120,128,136,149,86,100,107,116,128,C:\Users\fa_ke\crpd_402-7-3-122 (6).tiff,1
152,156,176,183,190,198,113,127,135,140,148,93,108,114,120,128,C:\Users\fa_ke\crpd_402-7-3-124 (5).tiff,1
157,142,182,193,200,209,106,138,149,157,165,88,116,125,132,141,C:\Users\fa_ke\crpd_402-7-3-129 (6).tiff,1
159,154,173,183,191,202,119,137,146,154,162,100,117,126,135,145,C:\Users\fa_ke\crpd_402-7-3-131 (6).tiff,1
161,132,141,146,151,159,92,101,106,110,117,73,81,86,91,98,C:\Users\fa_ke\crpd_402-7-5-133 (6).tiff,1
0,167,178,184,191,204,123,131,137,143,153,106,115,120,127,137,C:\Users\fa_ke\crpd_402-4-24-1.tiff,0
1,141,166,181,191,204,102,125,137,148,161,83,106,119,129,143,C:\Users\fa_ke\crpd_402-4-24-2 (6).tiff,0
2,165,179,188,197,207,129,140,149,159,168,111,122,131,140,150,C:\Users\fa_ke\crpd_402-4-24-3..tiff,0
3,157,166,172,178,186,128,136,141,146,153,106,115,121,127,135,C:\Users\fa_ke\crpd_402-4-24-4.tiff,0
5,142,163,173,183,199,102,123,132,142,157,82,104,114,124,140,C:\Users\fa_ke\crpd_402-4-26-6 (5).tiff,0
6,116,128,139,151,163,83,93,104,115,126,64,75,86,96,110,C:\Users\fa_ke\crpd_402-4-26-7 (2).tiff,0
7,151,167,176,183,194,110,127,134,142,151,93,110,119,127,137,C:\Users\fa_ke\crpd_402-4-26-8 (3).tiff,0
8,164,177,187,194,204,125,138,146,152,160,101,115,124,130,139,C:\Users\fa_ke\crpd_402-4-26-9 (6).tiff,0
9,134,155,165,172,182,94,111,120,128,137,83,99,108,117,127,C:\Users\fa_ke\crpd_402-4-28-11 (8).tiff,0
10,153,175,184,192,202,116,132,140,148,158,99,115,123,131,142,C:\Users\fa_ke\crpd_402-4-28-12 (4).tiff,0
11,123,146,154,163,174,87,102,108,115,123,73,89,96,102,110,C:\Users\fa_ke\crpd_402-4-28-13 (5).tiff,0
12,143,159,166,172,181,107,122,128,133,140,88,103,110,116,126,C:\Users\fa_ke\crpd_402-4-28-14 (7).tiff,0
13,144,160,169,179,193,107,120,129,138,149,84,98,106,116,129,C:\Users\fa_ke\crpd_402-4-28-15 (1).tiff,0
15,150,167,175,183,193,108,123,131,138,147,90,106,115,122,132,C:\Users\fa_ke\crpd_402-4-28-17 (5).tiff,0
16,157,170,179,186,195,117,128,135,142,150,100,113,120,127,136,C:\Users\fa_ke\crpd_402-4-31-18 (3).tiff,0
17,148,157,163,169,177,114,122,128,134,142,94,103,111,118,127,C:\Users\fa_ke\crpd_402-4-31-19 (2).tiff,0
18,138,152,160,168,180,90,101,107,113,121,81,91,98,104,114,C:\Users\fa_ke\crpd_402-4-31-20 (2).tiff,0
19,158,172,180,187,197,115,127,135,143,153,101,115,122,130,139,C:\Users\fa_ke\crpd_402-4-31-21 (2).tiff,0
20,145,158,165,172,181,106,118,125,131,140,83,95,102,108,117,C:\Users\fa_ke\crpd_402-5-14-42 (1).tiff,0
21,122,135,144,154,166,96,106,113,122,134,78,90,99,107,121,C:\Users\fa_ke\crpd_402-5-14-43 (7).tiff,0
22,163,174,182,188,197,117,128,135,143,153,103,115,122,129,139,C:\Users\fa_ke\crpd_402-5-14-44 (3).tiff,0
23,153,164,172,179,190,120,131,138,144,153,99,109,116,123,131,C:\Users\fa_ke\crpd_402-5-14-45 (6).tiff,0
24,150,165,173,181,190,110,124,132,139,149,85,98,106,115,127,C:\Users\fa_ke\crpd_402-5-14-46 (5).tiff,0
25,143,160,169,177,187,107,119,128,135,143,83,96,105,114,125,C:\Users\fa_ke\crpd_402-5-14-47 (5).tiff,0
26,147,164,174,182,192,112,128,137,144,152,88,103,112,120,131,C:\Users\fa_ke\crpd_402-5-14-48 (6).tiff,0
27,162,177,186,193,203,119,138,146,153,161,101,119,127,134,143,C:\Users\fa_ke\crpd_402-5-14-49 (3).tiff,0
29,162,176,184,192,202,129,140,148,156,166,107,119,128,137,149,C:\Users\fa_ke\crpd_402-5-16-51 (6).tiff,0
30,153,167,176,185,195,114,127,135,143,153,93,107,116,124,134,C:\Users\fa_ke\crpd_402-5-16-52 (7).tiff,0
31,142,157,165,173,183,109,124,133,140,148,92,107,116,124,133,C:\Users\fa_ke\crpd_402-5-16-53 (2).tiff,0
32,162,173,180,188,197,125,135,141,148,155,109,120,127,134,143,C:\Users\fa_ke\crpd_402-5-16-54 (6).tiff,0
33,150,166,176,183,193,112,127,135,141,150,92,109,118,125,134,C:\Users\fa_ke\crpd_402-5-16-55 (6).tiff,0
34,128,151,166,178,190,90,110,123,134,146,72,94,106,117,130,C:\Users\fa_ke\crpd_402-5-18-56 (5).tiff,0
36,166,181,190,197,207,132,144,152,159,167,110,123,131,139,150,C:\Users\fa_ke\crpd_402-5-18-58 (6).tiff,0
37,168,179,186,193,202,129,139,146,152,161,99,111,118,125,134,C:\Users\fa_ke\crpd_402-5-18-60 (8).tiff,0
38,142,154,162,170,180,103,114,122,130,139,90,101,109,116,126,C:\Users\fa_ke\crpd_402-5-21-61 (6).tiff,0
40,130,160,172,180,192,100,126,137,146,156,85,108,119,128,139,C:\Users\fa_ke\crpd_402-5-21-63 (6).tiff,0
41,173,184,191,198,208,136,146,153,159,168,112,124,132,139,149,C:\Users\fa_ke\crpd_402-5-21-64 (6).tiff,0
42,164,180,188,195,204,126,140,147,154,162,101,114,122,129,138,C:\Users\fa_ke\crpd_402-5-21-65 (6).tiff,0
43,132,151,163,173,191,102,119,130,140,154,86,102,112,122,137,C:\Users\fa_ke\crpd_402-5-21-66 (6).tiff,0
44,154,179,189,197,206,120,144,154,161,170,96,119,129,137,146,C:\Users\fa_ke\crpd_402-5-21-67 (6).tiff,0
45,154,164,171,177,187,114,125,132,138,147,97,109,117,124,133,C:\Users\fa_ke\crpd_402-5-23-68 (4).tiff,0
47,167,184,194,201,212,120,136,147,155,164,100,115,125,134,145,C:\Users\fa_ke\crpd_402-5-23-70 (3).tiff,0
48,133,145,153,161,173,99,110,117,124,133,76,88,96,105,116,C:\Users\fa_ke\crpd_402-5-23-71 (3).tiff,0
49,164,179,187,195,208,123,137,146,154,162,101,115,125,134,143,C:\Users\fa_ke\crpd_402-5-23-72 (3).tiff,0
50,160,189,198,205,214,123,151,160,166,174,107,133,141,148,157,C:\Users\fa_ke\crpd_402-5-23-73 (6).tiff,0
51,161,172,179,186,195,126,135,141,147,155,104,114,121,127,136,C:\Users\fa_ke\crpd_402-5-23-74 (5).tiff,0
52,147,159,168,176,185,111,122,131,138.25,147,87,100,108,117,128,C:\Users\fa_ke\crpd_402-5-23-75 (10).tiff,0
53,147,159,168,176,185,111,122,131,138.25,147,87,100,108,117,128,C:\Users\fa_ke\crpd_402-5-30-75 (10).tiff,0
54,174,189,197,204,215,122,135,144,153,165,96,111,121,130,142,C:\Users\fa_ke\crpd_402-5-30-76 (7).tiff,0
55,159,172,179,187,197,119,129,136,142,152,93,107,115,122,133,C:\Users\fa_ke\crpd_402-5-30-77 (3).tiff,0
56,144,160,168,176,186,98,113,121,128,137,75,91,100,108,119,C:\Users\fa_ke\crpd_402-5-30-78 (6).tiff,0
57,148,166,176,184,194,105,122,131,139,149,82,100,111,120,131,C:\Users\fa_ke\crpd_402-5-30-79 (3).tiff,0
58,137,155,167,176,187,98,113,122,130,139,84,99,110,118,128,C:\Users\fa_ke\crpd_402-5-4-22 (5).tiff,0
59,129,147,157,165,176,91,107,117,126,138,68,85,94,103,117,C:\Users\fa_ke\crpd_402-5-4-23 (6).tiff,0
61,124,140,149,157,167,87,101,107,114,122,70,84,92,98,107,C:\Users\fa_ke\crpd_402-5-4-25 (1).tiff,0
62,169,183,193,206,223,130,141,150,160,171,103,115,124,133,148,C:\Users\fa_ke\crpd_402-5-4-26 (3).tiff,0
63,136,154,166,178,192,102,116,128,138,152,79,94,106,117,131,C:\Users\fa_ke\crpd_402-5-4-34 (1).tiff,0
64,153,179,188,195,204,113,140,149,156,165,102,129,138,145,155,C:\Users\fa_ke\crpd_402-5-4-35 (6).tiff,0
65,146,160,170,179,191,110,122,131,138,147,87,101,110,118,129,C:\Users\fa_ke\crpd_402-5-4-36 (8).tiff,0
67,147,166,176,185,197,114,131,140,148,158,96,112,121,129,141,C:\Users\fa_ke\crpd_402-5-7-27 (5).tiff,0
68,152,169,178,186,196,112,125,132,139,149,90,105,113,121,132,C:\Users\fa_ke\crpd_402-5-7-28 (2).tiff,0
69,142,159,169,178,188,99,111,119,126,136,77,91,100,107,116,C:\Users\fa_ke\crpd_402-5-7-29 (2).tiff,0
70,128,139,149,156,166,94,102,110,117,126,78,87,94,102,111,C:\Users\fa_ke\crpd_402-5-7-30 (1).tiff,0
71,131,146,157,165,176,84,95,103,110,121,70,81,90,99,109,C:\Users\fa_ke\crpd_402-5-7-31 (4).tiff,0
72,158,181,190,198,207,125,145,154,160,169,105,124,133,140,150,C:\Users\fa_ke\crpd_402-5-7-32 (1).tiff,0
74,152,169,181,190,201,109,123,134,143,153,87,102,112,121,131,C:\Users\fa_ke\crpd_402-5-9-38 (6).tiff,0
75,161,174,183,193,205,132,141,148,156,168,111,123,130,138,151,C:\Users\fa_ke\crpd_402-5-9-39 (6).tiff,0
76,164,174,181,187,197,131,140,146,152,162,117,126,132,138,148,C:\Users\fa_ke\crpd_402-5-9-40 (7).tiff,0
77,148,164,173,181,192,119,131,138,145,155,103,116,124,133,144,C:\Users\fa_ke\crpd_402-5-9-41 (6).tiff,0
78,157,169,176,183,192,120,130,138,147,157,99,111,119,128,139,C:\Users\fa_ke\crpd_402-6-11-104 (2).tiff,0
79,157,169,176,183,192,120,130,138,147,157,99,111,119,128,139,C:\Users\fa_ke\crpd_402-6-11-105 (2).tiff,0
80,147,178,186,193,201,104,133,143,150,160,79,106,116,123,133,C:\Users\fa_ke\crpd_402-6-11-106 (3).tiff,0
82,171,183,189,195,203,124,137,146,153,161,105,118,125,132,141,C:\Users\fa_ke\crpd_402-6-11-108 (7).tiff,0
83,123,147,160,171,183,81,107,120,131,142,63,88,101,111,123,C:\Users\fa_ke\crpd_402-6-11-109 (6).tiff,0
84,151,162,169,177,186,113,123,129,136,146,88,101,108,114,123,C:\Users\fa_ke\crpd_402-6-11-110 (6).tiff,0
85,161,172,178,184,191,122,133,139,145,153,103,113,120,126,135,C:\Users\fa_ke\crpd_402-6-11-111 (3).tiff,0
86,148,164,174,182,193,119,135,145,154,166,100,116,126,136,148,C:\Users\fa_ke\crpd_402-6-11-112 (3).tiff,0
88,146,160,168,175,184,111,121,128,135,143,97,109,116,123,132,C:\Users\fa_ke\crpd_402-6-4-81 (2).tiff,0
89,155,166,172,178,186,122,135,143,149,156,107,119,126,132,139,C:\Users\fa_ke\crpd_402-6-4-82 (5).tiff,0
90,147,184,194,202,212,107,141,152,159,168,83,114,124,134,146,C:\Users\fa_ke\crpd_402-6-4-83 (4).tiff,0
91,143,154,160,166,174,106,118,125,130,136,87,98,105,111,118,C:\Users\fa_ke\crpd_402-6-4-84 (4).tiff,0
92,176,199,207,214,223,142,162,170,178,187,121,140,149,157,166,C:\Users\fa_ke\crpd_402-6-6-85 (5).tiff,0
93,153,166,176,184,195,109,120,130,138,147,90,101,110,118,130,C:\Users\fa_ke\crpd_402-6-6-86 (7).tiff,0
94,154,164,171,177,185,120,130,135,140,147,101,111,117,123,131,C:\Users\fa_ke\crpd_402-6-6-87 (1).tiff,0
95,162,177,188,199,214,121,132,142,151,162,103,117,126,135,147,C:\Users\fa_ke\crpd_402-6-6-88 (6).tiff,0
96,146,168,176,183,192,104,126,135,142,150,88,107,115,122,131,C:\Users\fa_ke\crpd_402-6-6-89 (3).tiff,0
97,173,188,197,205,215,134,148,156,163,173,109,123,132,140,152,C:\Users\fa_ke\crpd_402-6-6-90 (1).tiff,0
98,150,167,177,186,196,109,122,131,138,149,83,98,108,117,130,C:\Users\fa_ke\crpd_402-6-6-91 (6).tiff,0
99,158,170,178,185,194,123,132,138,144,154,99,111,119,127,139,C:\Users\fa_ke\crpd_402-6-6-92 (6).tiff,0
100,167,180,188,196,207,124,135,141,148,157,103,115,122,129,140,C:\Users\fa_ke\crpd_402-6-6-93 (6).tiff,0
101,158,171,178,186,195,116,127,134,141,150,95,107,115,122,132,C:\Users\fa_ke\crpd_402-6-8-100 (6).tiff,0
102,165,192,200,206,214,120,146,154,160,167,99,125,132,138,146,C:\Users\fa_ke\crpd_402-6-8-101 (6).tiff,0
103,117,134,145,156,171,90,103,113,123,135,69,83,93,103,117,C:\Users\fa_ke\crpd_402-6-8-102 (7).tiff,0
104,169,186,196,204,215,122,137,147,156,167,102,118,128,137,149,C:\Users\fa_ke\crpd_402-6-8-103 (3).tiff,0
105,159,173,182,190,200,123,135,143,149,158,103,116,124,132,142,C:\Users\fa_ke\crpd_402-6-8-104 (5).tiff,0
107,146,159,168,176,186,111,122,130,136,145,95,108,116,125,136,C:\Users\fa_ke\crpd_402-6-8-96 (6).tiff,0
108,136,150,158,167,177,97,109,117,124,134,73,87,95,103,115,C:\Users\fa_ke\crpd_402-6-8-97 (3).tiff,0
109,166,177,184,190,200,130,139,145,150,159,103,114,121,127,137,C:\Users\fa_ke\crpd_402-6-8-98 (6).tiff,0
110,166,177,184,191,200,125,136,142,149,158,101,114,122,129,139,C:\Users\fa_ke\crpd_402-6-8-99 (6).tiff,0
111,147,160,169,180,196,109,120,128,138,154,87,99,107,119,135,C:\Users\fa_ke\crpd_402-7-1-113 (7).tiff,0
112,151,166,176,185,197,118,130,139,147,157,97,109,119,127,138,C:\Users\fa_ke\crpd_402-7-1-114 (6).tiff,0
115,155,180,190,199,211,113,134,144,152,162,96,114,124,133,145,C:\Users\fa_ke\crpd_402-7-1-118 (6).tiff,0
116,143,161,170,179,192,106,122,131,139,150,82,97,106,116,127.049999999995,C:\Users\fa_ke\crpd_402-7-1-119 (3).tiff,0
117,147,162,173,183,198,111,122,132,141,153,91,105,114,124,137,C:\Users\fa_ke\crpd_402-7-1-120 (6).tiff,0
118,160,179,186,192,200,117,132,140,146,156,97,111,119,127,137,C:\Users\fa_ke\crpd_402-7-1-121 (6).tiff,0
119,165,178,187,194,203,124,136,144,151,160,103,116,124,131,141,C:\Users\fa_ke\crpd_402-7-10-146 (6).tiff,0
120,166,178,185,192,201,129,139,146,153,162,108,119,126,133,143,C:\Users\fa_ke\crpd_402-7-10-147 (6).tiff,0
121,150,159,164,170,177,117,124,129,133,139,93,101,105,110,116,C:\Users\fa_ke\crpd_402-7-10-148 (6).tiff,0
122,170,188,198,206,215,132,149,158,168,179,110,125,135,144,155,C:\Users\fa_ke\crpd_402-7-10-149 (6).tiff,0
123,153,170,180,188,197,112,129,139,147,157,91,108,118,126,135,C:\Users\fa_ke\crpd_402-7-10-150 (6).tiff,0
124,123,144,157,166,176,88,105,116,125,135,61,81,93,102,113,C:\Users\fa_ke\crpd_402-7-10-151 (6).tiff,0
125,143,160,169,178,189,108,123,132,140,149,86,101,111,119,128,C:\Users\fa_ke\crpd_402-7-10-152 (6).tiff,0
126,103,116,124,135,154,67,76,83,91,108,49,60,68,79,95,C:\Users\fa_ke\crpd_402-7-10-153 (6).tiff,0
127,136,151,162,177,196,105,119,130,145,163,80,93,104,117,133,C:\Users\fa_ke\crpd_402-7-10-154 (1).tiff,0
128,127,141,151,160,171,90,103,113,120,129,73,86,96,104,113,C:\Users\fa_ke\crpd_402-7-10-155 (1).tiff,0
129,168,183,193,203,213,137,151,162,173,186,116,131,141,153,165,C:\Users\fa_ke\crpd_402-7-10-156 (6).tiff,0
130,149,160,166,172,180,112,124,130,135,141,86,98,105,111,121,C:\Users\fa_ke\crpd_402-7-10-157 (3).tiff,0
131,161,172,178,184,192,123,134,140,146,155,101,112,119,125,135,C:\Users\fa_ke\crpd_402-7-10-158 (6).tiff,0
132,146,157,165,173,182,108,119,126,132,140,85,95,102,109,119,C:\Users\fa_ke\crpd_402-7-10-159 (3).tiff,0
133,167,183,190,197,206,131,146,153,160,167,107,122,129,135,143,C:\Users\fa_ke\crpd_402-7-10-160 (6).tiff,0
134,158,168,175,182,190,124,133,140,147,156,107,117,124,131,140,C:\Users\fa_ke\crpd_402-7-17-161 (6).tiff,0
135,149,159,167,174,182,112,121,127,134,144,86,97,105,114,123,C:\Users\fa_ke\crpd_402-7-17-162 (6).tiff,0
136,141,159,168,175,185,107,124,132,138,146,81,99,108,115,124,C:\Users\fa_ke\crpd_402-7-17-164 (6).tiff,0
137,155,169,176,182,189,114,127,133,139,147,91,104,110,116,125.049999999995,C:\Users\fa_ke\crpd_402-7-17-165 (3).tiff,0
138,164,175,182,188,196,117,129,136,144,154,100,112,119,127,138,C:\Users\fa_ke\crpd_402-7-17-168 (6).tiff,0
139,150,172,180,187,197,115,137,145,153,163,93,111,119,127,140,C:\Users\fa_ke\crpd_402-7-17-170 (5).tiff,0
140,168,182,192,199,208,134,147,156,165,175,109,124,135,143,153,C:\Users\fa_ke\crpd_402-7-24-171 (5).tiff,0
141,158,178,187,197,208,122,141,152,164,176,103,122,133,144,157,C:\Users\fa_ke\crpd_402-7-24-172 (5).tiff,0
142,162,173,180,187,196,129,139,145,152,160,109,119,125,131,140,C:\Users\fa_ke\crpd_402-7-24-173 (6).tiff,0
143,154,170,179,186,194,115,130,138,144,152,88,105,113,120,129,C:\Users\fa_ke\crpd_402-7-24-174 (6).tiff,0
144,149,168,176,183,192,107,126,135,143,153,78,99,108,115,126,C:\Users\fa_ke\crpd_402-7-24-175 (5).tiff,0
145,176,186,192,198,205,138,147,153,159,166,118,128,133,139,147,C:\Users\fa_ke\crpd_402-7-24-176 (3).tiff,0
146,145,163,171,177,185,102,120,127,133,140,82,96,103,109,117,C:\Users\fa_ke\crpd_402-7-24-177 (6).tiff,0
148,166,178,185,193,202,138,148,154,161,170,119,129,135,141,150,C:\Users\fa_ke\crpd_402-7-24-179 (6).tiff,0
149,138,151,160,166,174,98,111,120,126,133,73,87,95,102,111,C:\Users\fa_ke\crpd_402-7-24-180 (4).tiff,0
151,127,152,162,170,181,92,113,122,129,138,72,91,99,107,116,C:\Users\fa_ke\crpd_402-7-3-123 (8).tiff,0
153,181,197,205,212,221,137,153,162,170,180,111,127,137,146,155,C:\Users\fa_ke\crpd_402-7-3-125 (6).tiff,0
154,134,152,169,179,191,104,122,136,146,158,88,107,120,130,141,C:\Users\fa_ke\crpd_402-7-3-126 (6).tiff,0
155,152,165,171,177,185,110,122,129,136,145,87,97,104,110,119,C:\Users\fa_ke\crpd_402-7-3-127 (6).tiff,0
156,140,155,167,175,185,102,115,126,133,141,76,90,100,109,119,C:\Users\fa_ke\crpd_402-7-3-128 (6).tiff,0
158,157,166,172,178,186,117,125,130,136,144,95,104,109,115,124,C:\Users\fa_ke\crpd_402-7-3-130 (6).tiff,0
160,162,175,183,190,199,125,139,147,153,163,108,122,129,136,146,C:\Users\fa_ke\crpd_402-7-5-132 (6).tiff,0
162,177,196,204,211,219,134,155,166,174,182,112,131,141,149,157,C:\Users\fa_ke\crpd_402-7-5-134 (4).tiff,0
163,165,175,181,187,194,128,136,142,147,153,103,111,117,122,130,C:\Users\fa_ke\crpd_402-7-5-135 (6).tiff,0
164,167,178,185,191,199,123,136,143,149,158,94,107,115,122,131,C:\Users\fa_ke\crpd_402-7-5-136 (6).tiff,0
165,152,164,172,179,187,117,128,136,143,152,96,107,115,123,132,C:\Users\fa_ke\crpd_402-7-5-137 (6).tiff,0
166,111,127,139,150,164,78,92,102,111,123,57,71,80,90,101,C:\Users\fa_ke\crpd_402-7-5-138 (2).tiff,0
167,124,136,145,152,163,90,101,108,115,124,65,77,85,93,104,C:\Users\fa_ke\crpd_402-7-8-139 (6).tiff,0
168,130,145,153,161,172,98,114,121,127,135,70,85,93,99,108,C:\Users\fa_ke\crpd_402-7-8-140 (4).tiff,0
169,133,153,169,180,192,105,123,137,148,160,82,98,112,122,134,C:\Users\fa_ke\crpd_402-7-8-141 (6).tiff,0
170,150,160,170,179,191,117,128,137,147,157,99,109,119,128,138,C:\Users\fa_ke\crpd_402-7-8-142 (6).tiff,0
171,138,154,163,172,183,104,117,124,132,141,78,92,102,109,119,C:\Users\fa_ke\crpd_402-7-8-144 (6).tiff,0
172,140,174,182,188,195,109,136,144,150,159,90,115,123,130,138,C:\Users\fa_ke\crpd_402-7-8-145 (6).tiff,0
